Algoritma,Akurasi,Presisi,Recall,F1-Score,Waktu (detik)
Logistic Regression,0.9964548494983277,0.9948,0.9981270903010033,0.9964607679465777,0.10506701469421387
Support Vector Machine,0.9967224080267558,0.9948027718550106,0.9986622073578595,0.996728753588357,2.2641727924346924
Random Forest,0.9995317725752508,0.9997323340471093,0.9993311036789297,0.999531678597712,1.716050148010254
